Sku Number ,"QTY 
Available "
1004,1
2160,1
8752,1
8757,1
8765,1
1006-C-BR,1
1007-SEC,1
1007-S-GY,1
1007-W-GY,1
1014-WH,1
1019-BR-C,1
1023-LFCH-BR,1
1023-RFCH-BR,1
1036-C-BK,1
1036-L-BK,1
1036-S-BK,1
1036-SEC,1
1037-L-BR,1
1037-S-BR,1
1037-SEC,1
1038-C-BK,1
1039-S-BR,1
1046-CH,1
1047-GY,1
1080-BL,1
1095-BK,1
1110-CL,1
1215-BG,1
1215-GY,1
1227-C,1
1243-S-BG,1
2027-7PC,1
2027-8PC,1
2027-CH-OTT,1
2037-GY,1
2045-C-TP,1
2051-L-BR,1
2056-L-GR,1
2056-SLC,1
2151-2PC-BK,1
2151-3PC-BK,1
2151-4PC-BK,1
2151-C-BK,1
2155-S-BR,1
2156-L-BK,1
2157-C-GY,1
2157-L-GY,1
2166-L-GY,1
2702K,1
2802K,1
2950Q-WH,1
2954F-BK,1
2954F-BR,1
2954F-WH,1
2955Q-BK,1
2955Q-WH,1
2956K-BK,1
2958Q-WH,1
2987Q-WH,1
2990-F-GY,1
2992-K-TA,1
2993-K-GY,1
3553SF,1
4055CH,1
4230T,1
4812CE-SET,1
5950-ST,1
5951-ET,1
5952-CT,1
5955-ST,1
5956-ET,1
5971K,1
6649-BG,1
6665B,1
6789-COL,1
7106SF,1
7143E,1
7506M,1
7605-WH-L,1
7605-WH-S,1
7972,1
7992,1
8256C,1
8258E,1
8534TV,1
8699-F/Q-CH,1
8699-K-BK,1
8739-F-CR,1
8739-K-GY,1
8740K-LG,1
8740T-GR,1
8740T-WH,1
8986BU,1
9063-WH,1
9066-WH,1
9068-ESP,1
9076-O,1
9700-W,1
AD112CB,1
AD400-CH,1
AF2001-CM,1
AL3011-SEC,1
AL4100Q,1
AL4101K,1
AL8027-K-GY,1
AL8028-K-GY,1
AM1230-GY-RF-C,1
AM3500-CH-LF-CH,1
AM3500-OTT-GY,1
AM3810-GRY-OTT,1
AN520Q,1
AR4000-END,1
AR400-DR,1
AR937-SV,1
AU840-DR,1
AV142B,1
AV3137DR,1
AV400-CH,1
AV401-DR,1
AV928,1
BA1858MC,1
BA215-L-TA,1
BA6636C-IV,1
BA7000A,1
BE3000-CT,1
BE7009ST,1
BR1237-N,1
BR1238-Q,1
BR4604TV,1
BR4606M,1
BR4607DR,1
BR560-N,1
BR6416TB,1
BR715T,1
BS450-T,1
BS455-K,1
BT400-DR,1
CA1135L-MO,1
CA2035A,1
CA5731K,1
CA7900Q,1
CA7901-K,1
CA7903-N,1
CA800C-BR,1
CA810-BR,1
CA820L-BK,1
CE8264LC,1
CH415-DR,1
CH415-Q,1
CH420-Q,1
CL4500A,1
CL4500S,1
CN100-S,1
CN120-L,1
CN120-S,1
CN130-S,1
CN923N,1
CR1500DR,1
CR4274S-BLK,1
CR4274S-BRN,1
CR450Q,1
CR451K,1
CR459-ST,1
CT1405CH,1
CT1408MC,1
CT400-M,1
CT400-Q,1
DA5901K,1
DA5903N,1
DA5907DR,1
DA5910TV-C,1
DA592-ST,1
DE725-Q,1
EC970-DR,1
ED530-N,1
ED6660Q,1
EH666CH,1
EH666D,1
EL702T,1
EM3111K,1
EM4440M,1
ES955,1
ES9900CT,1
ES9900-END,1
ET400-N,1
F7913-2PC,1
FA3504TV,1
FL8396,1
FM1001-DR,1
FM1002-K,1
FM1002-MC,1
FM1003-K,1
FM1003-M,1
FM1003-MC,1
FM1003-N,1
FM2001-CH,1
FM2001-MC,1
FM2003-MC,1
FM2003-Q,1
FM3001-N,1
FM3003-Q,1
FM4002-K,1
FM4002-Q,1
FM4002-T,1
FM4003-K,1
FM4003-T,1
FM4004-DR,1
FM4004-K,1
FM4004-N,1
FM5002-CH,1
FM5002-MC,1
FM5002-Q,1
FM5003-M,1
FM9001-RD,1
FM9002-RD,1
FM9003-CY,1
FM9003-RD,1
FM9004-GR,1
FM9004-RD,1
FM9005-RD,1
FM9006-CY,1
FM9006-GR,1
FM9006-WH,1
FM9008-CT-BK,1
FM9008-CT-CY,1
FM9008-ET-GR,1
FM9008-ET-RD,1
FM9008-ET-WH,1
FM9009-CT-BK,1
FM9009-CT-CY,1
FM9009-CT-RD,1
FM9009-CT-WH,1
FM9009-ET-BK,1
FM9009-ET-OW,1
FM9009-ST-BK,1
FM9010-CT-GR,1
FM9010-CT-OW,1
FM9010-ET-BK,1
FM9010-ET-CY,1
FM9010-ET-RD,1
FM9010-ST-CY,1
FM9010-ST-GR,1
FM9010-ST-RD,1
FM9010-ST-WH,1
FR745-Q,1
G230T,1
GA4250M,1
GA4540M,1
GE309L-BR,1
GR125T,1
GR540-A,1
GR540-SB,1
GR545-K,1
GR550-Q,1
GR600Q,1
GR650-CT,1
GR700-DR,1
GR700-K,1
HA375-K,1
HA400E,1
HA6104TV,1
HE300-5PC,1
HL916,1
HN6600S-BLK,1
HV2600Q,1
HV2601K,1
HV2603N,1
HV2607DR,1
IR301-CC-BK,1
JA1003N,1
JA7000-COFFEE,1
JA7000L-DARK,1
JA7000S,1
JA9920TV-C,1
JH-1130-02-L,1
JH-1130-03-S,1
JH-2128-02-L-GR,1
JM400-Q,1
JS400-M,1
JS400-N,1
JS5100-Q,1
JS5103-N,1
JU8007-Q-NV,1
KA106-L-BR,1
KA113-S,1
KA405-K,1
KA6190D,1
KE160-CH,1
KE160-K,1
KE160-M,1
KE160-N,1
KE160-Q,1
KE165-B,1
KE165-CH,1
KE165-K,1
KE165-VANITY,1
KE165-VT,1
KE170-CH,1
KE170-N,1
KE186M,1
KE188MC,1
KE405-F,1
KE6000C-BLK,1
KE6000L-BLK,1
KL6301K,1
KL6303N,1
KM8002-K-BL,1
KM8002-K-CP,1
KM8002-Q-CP,1
KM8003-K-BR,1
KM8004-Q-BL,1
KM8005-K-SV,1
KN2500L,1
LA200TB,1
LD200-T,1
LE565S,1
LE565T,1
LG400-CH,1
LG400-K,1
LK400-CH,1
LK400-M,1
LK401-M,1
LK401-Q,1
LL365-Q,1
LN105,1
LP111K,1
LP203N,1
LP206M,1
LP209-DR,1
LP299T,1
LP303N,1
LP305CH,1
LP700-DR,1
LP700-N,1
LP800-DR,1
LP801-DR,1
LP801-K,1
LP900-CH,1
LP901-K,1
LP901-M,1
LR400-M,1
LS5580-DR,1
LS5580-K,1
LS5580-N,1
LS5580-Q,1
LS5585-K,1
LT-20022AK-ASST,1
LT400-M,1
LT400-N,1
LU192-ST,1
LU860-DR,1
LU860-Q,1
MA370-CH,1
MA370-DR,1
MA370-Q,1
MA400-DR,1
MA705-M,1
MA880Q,1
MC3000Q,1
MD1000K,1
MD1000Q,1
MD2000K,1
MD3333N,1
MD3335CH,1
MD3337DR,1
MD8011-BG,1
ME3091K,1
ME3195CH,1
ME3198MC,1
ML200-7PC,1
ML200-T,1
ML201-BH,1
ML400-DR,1
ML400-N,1
ML401-M,1
MN204-T,1
MN4023/K,1
NA400-CH,1
NC1035A,1
NC6006M,1
NC8001K,1
NL400-Q,1
OL6230-DR,1
OP270C-BR,1
OP270L-BR,1
OP275C-TA,1
OP370-SEC-BR,1
OR1333-COFFEE,1
P921-SC,1
P972-C,1
P990-T,1
PA300-5PC,1
PA525-DR,1
PA525-M,1
PA525-N,1
PA631S,1
PA633SB,1
PH1091S,1
PL8031-F-DG,1
RA255S-CR,1
RA260L-BR,1
RC8005CH,1
RD6392SF,1
RE1207-DR,1
RE7800Q,1
RM4000-Q,1
RN5500-COFFEE,1
RP251K,1
RP255CH,1
RS5271K,1
RV9511-BR-3,1
RV9511-BR-4,1
RV9511-BR-CNSL,1
RV9511-BR-RF,1
RW8013-BL,1
RY118-C,1
RY118-E,1
SA330-S-BG,1
SE5200-SET,1
SF9401K,1
SF9406M,1
SH175-F,1
SH175-M,1
SH176-CH,1
SH176-N,1
SH177-Q,1
SH401-CH,1
SH401-N,1
SH500E,1
SP6140-DR,1
SP6140-Q,1
SR6750A,1
SS311F,1
SS312TR,1
ST1000-K,1
ST1000Q,1
ST101-CE,1
ST3300S,1
SU2003-TN-POWER,1
TA9980TV-C,1
TC6660D,1
TG117-E,1
TN3500A,1
TR232CE-WH,1
TR250PT,1
TR251CC,1
TS101ET,1
TT8500-C,1
TY213N,1
VA4530M,1
VE1118CT,1
VE4320M,1
VE4322C,1
VN400-CH,1
VN400-N,1
VS555D,1
WA7200Q,1
WA7201K,1
WE1572-T,1
WE3305CH,1
WE3306M,1
WE3307DR,1
WE9918S-BK,1
WH700F,1
WH702K,1
WH705CH,1
WH901Q,1
WH903N,1
WH905CH,1
WL851A,1
WL853BH,1
WM4000S,1
WR9107DR,1
WY8018-PK,1
XA4511BC,1
YN7770F,1
YT7226,1
YV4442BC,1
ZU1067-3PC,1
ZU1067-COFFEE,1
ZY8012-GY,1
1048,2
1068,2
8766,2
1014-OTT-BK,2
1014-OTT-WH,2
1019-BR-L,2
1019-SEC,2
1021-RFCH-BK,2
1028-LP-BK,2
1029-LP-NV,2
1039-CL-BR,2
1054-C,2
1075-DS-BK,2
1080-BG,2
1090-BRN,2
1105-L-TA,2
1200-DE,2
1215-CL,2
1226-C,2
1234-C-BG,2
2020-OTT,2
2027-CH-CRNR,2
2027-SEC,2
2150-ESP,2
2151-2PC-BRN,2
2151-3PC-BRN,2
2151-4PC-BRN,2
2950Q-BK,2
2953K-BK,2
2956K-BR,2
2956K-WH,2
2981F-GR,2
2981F-LV,2
2988K-BK,2
2988K-WH,2
2990-F-TA,2
2992-F-TA,2
2992-Q-TA,2
2993-F-GY,2
4273S,2
4274A,2
4812E-MARBLE,2
4969CE-SET,2
5010S(3A),2
5011T,2
5011T(3A),2
52224-DC-CH,2
5950-ET,2
5956-CSET,2
7023N,2
734-7940,2
7605-CH-S,2
7606-BK-C,2
7635CE,2
8537DR,2
8699-F/Q-PW,2
8699-K-TA,2
8739-F-GY,2
8739-K-CR,2
8740F-WH,2
8986R,2
9063-CH,2
9065-ESP,2
9074-ESP,2
9075-WH,2
9084-GY,2
9618/SET,2
9709BK,2
A6000Q,2
A8448,2
AD110PT,2
AL300-PT,2
AL3013-SEC,2
AL4103N,2
AL4106M,2
AL9000-PK,2
AM110,2
AM1230-GY-LSF,2
AM1230-GY-OTT,2
AM1230-GY-RS-S,2
AM3500-CH-OTT,2
AM3500-GY-3PC,2
AM3810-CHO-L,2
AM3810-CHO-LFSO,2
AM3810-CHO-OTT,2
AM3810-CHO-R-C,2
AM3810-GRY-R-C,2
AM400-DR,2
AR400-M,2
AS400-DR,2
AU840-K,2
AU840-N,2
AV3136M,2
AV401-K,2
AV7130-A,2
BA1851K,2
BA400-DR,2
BE7007DR,2
BE7008B,2
BE730-DR,2
BE730-M,2
BED-R-TF,2
BR1235-M-BK,2
BR1237-M,2
BR4521S,2
BR560-DR,2
BS450-F,2
CA2035-CT,2
CA327DR,2
CA7731K,2
CA7733N,2
CA7904TV,2
CE8000-END,2
CH300-CC,2
CL965,2
CN100-L,2
CN130-L,2
CN230-LF-CP-DW,2
CN927DR,2
CN928MC,2
CR458MC,2
CR7883S-BRN,2
CS200T,2
CT1407DR,2
CV400-CH,2
DA1388E,2
DE717DR,2
DE720-CH,2
DE720-K,2
EC970-CH,2
EC970-K,2
EC970-M,2
EL200-T,2
EL4328C,2
EL707T,2
EM3800-CH,2
EM3800Q,2
ES9900C,2
ES9900L,2
ES9900S,2
ET400-M,2
FA3508-B,2
FE200C-BK,2
FL611S,2
FM1001-N,2
FM1002-DR,2
FM1002-M,2
FM1002-N,2
FM1003-DR,2
FM2001-DR,2
FM2001-M,2
FM2001-N,2
FM4002-CH,2
FM4002-DR,2
FM4002-M,2
FM4003-N,2
FM4004-M,2
FM5002-N,2
FM5003-N,2
FM9002-GR,2
FM9002-OW,2
FM9003-GR,2
FM9006-RD,2
FM9008-CT-OW,2
FM9008-CT-RD,2
FM9008-ET-BK,2
FM9008-ET-OW,2
FM9008-ST-BK,2
FM9008-ST-CY,2
FM9008-ST-GR,2
FM9008-ST-RD,2
FM9009-CT-GR,2
FM9009-ET-CY,2
FM9009-ET-GR,2
FM9009-ET-RD,2
FM9009-ST-CY,2
FM9009-ST-GR,2
FM9009-ST-OW,2
FM9009-ST-RD,2
FM9009-ST-WH,2
FM9010-CT-BK,2
FM9010-CT-CY,2
FM9010-ST-BK,2
FM9010-ST-OW,2
FR740-K,2
FR745-DR,2
FR745-K,2
GE7770C,2
GE7770D,2
GR1030A,2
GR1030C,2
GR545-VM,2
GR550-CH,2
GR550-K,2
GR600N,2
GR700-M,2
GR910-BR,2
GR910-BR-CNSL,2
GR920C-BDY,2
GR920S-BDY,2
HA300BC,2
HA6100Q,2
HE4730C,2
HE4731E,2
HM5703N,2
HM5704TV,2
HN6600C-BLK,2
HN6600L-BLK,2
HV2606M,2
IR300-CC-BU,2
IR302-CC-SV,2
JA3000-K,2
JA8019N-Q-BK,2
JH-1175-03-S-CM,2
JH-2128-02-L-CH,2
JH-2128-02-L-PU,2
JH-2128-03-S-GR,2
JM400-DR,2
JM400-N,2
JU2661K,2
JU2667DR,2
KA102-L-BGDY,2
KA6191A,2
KE165-S,2
KE170-M,2
KE185CH,2
KL6306M,2
KM8003-Q-CP,2
KM8006-Q-BL,2
KN2500S,2
LE3407DR,2
LG400-M,2
LG401-CH,2
LN467DR,2
LN468MC,2
LP110Q,2
LP112S,2
LP600-M,2
LP600-N,2
LP700-CH,2
LP800-M,2
LP800-T,2
LP801-M,2
LP900-N,2
LP901-Q,2
LS5580-CH,2
LT-20023WA-ASST,2
LT3330A,2
LT401-K,2
LU730-Q,2
LU735-K,2
LU735-Q,2
LU860-CH,2
MA220-N,2
MA2462S,2
MA355-DR,2
MA355-N,2
MA400-M,2
MA886M,2
MC943,2
MD3328T,2
MD4328T,2
MD4331K,2
ME3193N,2
ME3197DR,2
ME535-K,2
ML201-A,2
ML400-M,2
ML5308,2
MN4040Q,2
MN4091K,2
MN4847DR,2
MR9307DR,2
NT200-CC,2
OP375-SEC-TA,2
OR1333A,2
P970-FT,2
P980-FT,2
PA525-CH,2
PA525-Q,2
PE5000C,2
PE700E,2
PH1091-END,2
PH287DR,2
PR5250T,2
PR800C,2
PR9247DR,2
RA260S-BR,2
RC8000Q,2
RE1111BS,2
RE8198T,2
RM4001-K,2
RP256M,2
RS121-E,2
RS5273N,2
RS5275CH,2
RV9511-BR-AC-PW,2
RV9511-BR-LF,2
RV9512-RD-RF,2
RW8013-CH,2
SA276SF,2
SA9000-L,2
SF9404TV,2
SH176-DR,2
SH2224TV,2
SL400T,2
SP6140-CH,2
SS318H,2
ST3300C,2
ST3300L,2
SU584-BRN-W,2
TA431K,2
TA6000-END,2
TI5923N,2
TN3500C,2
TN3500L,2
TN3500S,2
TR257CE,2
TU3000-5PC,2
TY218H,2
UN4000C,2
VA2800C,2
VE4321CT,2
VE5707DR,2
VE778-7PC,2
VN2901K,2
VR4560M,2
VR4562C,2
VR4563E,2
VS555CH,2
VS555FC,2
WA7206M,2
WA9750TV-C,2
WE7000CR,2
WH803N,2
WH806M,2
WH899T,2
WH906M,2
WM4000L,2
YN7770CH,2
8736,3
8741,3
1021-LFCH-BK,3
1054-L,3
1081-MO,3
1205-BG-L,3
1205-CL-L,3
1205-GY-L,3
1233-C-GY,3
1233-L-GY,3
1241-C-GY,3
1243-C-BG,3
2024-GY-CRNR,3
2024-SEC,3
2026-7PC,3
2026-8PC,3
2026-SEC,3
2026-TA-CRNR,3
2955Q-BR,3
2988K-ESP,3
4303CE,3
4812E-BASE,3
5950-CT,3
6702F,3
7605-BK-S,3
7605-RD-C,3
7606-RD-S,3
8388T,3
8486-TA,3
9074N-WH,3
AL3012-SEC,3
AL4104TV,3
AL727-T,3
AM1230-GY-LF-L,3
AS226M,3
AS400-M,3
AV401-CH,3
AV401-M,3
BA400-M,3
BE7009VA,3
BR1235-CH-WH,3
BR1235-M-WH,3
BR400-DR,3
CA1270C,3
CA1270E,3
CA2035-ET,3
CA7736M,3
CA800L-BR,3
CA800S-BR,3
CH2355TB,3
CL4500L,3
CN210-CNSL-BR,3
CN230-LFCH-DW,3
CN926M,3
CP100-BK,3
CR1000TV,3
CT1403N,3
ED530-CH,3
ED6661K,3
FA3501-K,3
FM1001-MC,3
FM3001-DR,3
FM3003-CH,3
FM4001-T,3
FM4002-N,3
FM4003-CH,3
FM4003-DR,3
FM4003-M,3
FM5001-CH,3
FM5002-DR,3
FM5002-M,3
FR745-N,3
GA5600M,3
GR600DR,3
GR910-BR-LF,3
GR910-BR-RAF,3
GR910-BR-W,3
GR930-BDY,3
GR930-BDY-CNSL,3
HA6106M,3
HA6107DR,3
HU845-M,3
JA1009T,3
JH-2128-01-C-PU,3
JS401-N,3
JS5107-DR,3
KA101-L-GY,3
KL6307DR,3
KM8006-K-BR,3
LP400-DR,3
LP801-Q,3
LP900-M,3
LR400-CH,3
LS5585-Q,3
LT400-DR,3
LX908,3
MA1038L,3
MA800-M,3
MA883N,3
MD3331K,3
ME3191K,3
ME535-CH,3
ME9520-BK-3,3
ME9520-BK-4,3
ME9520-BK-AC,3
ME9520-BK-LF,3
ME9520-BK-RF,3
ME9521-GY-3,3
ME9521-GY-4,3
ME9521-GY-AC,3
MN4030-K,3
MN4030N,3
MN4846M,3
MR9303N,3
MR9306M,3
NC8837DR,3
NV947,3
OR1333C,3
OR1333S,3
P913-CT,3
P914-ET,3
PE5000S,3
PR800E,3
PR900SF,3
RE5550BS,3
RS5277DR,3
RS917,3
RV9510-BK-LF-PW,3
RV9510-BK-RF-PW,3
RV9512-RD-AC,3
RV9512-RD-AC-PW,3
SE205C-BR,3
SE300T,3
SF9407DR,3
SH400-DR,3
TI5925CH,3
VA4533C,3
VE1028-COFFEE,3
VE5700Q,3
W6011K,3
WA2610T,3
WA7204TV,3
WE1572-C,3
WE621S-GY,3
WR9103N,3
ZU1067L,3
1200-BG-OTT,4
1200-GY-OTT,4
1241-L-GY,4
2025-BL-CRNR,4
2025-SEC,4
2027-CH-AC,4
2957F-WH,4
2993-Q-GY,4
4969E/BASE,4
5638T,4
7606-WH-C,4
8189S,4
8281E,4
8723CT/ET/ST,4
8723-ET,4
AL210-S,4
AN339-S,4
AR200T,4
AU9000-YL,4
AV3133N,4
BE100N,4
BE7000Q,4
BR400-M,4
CA360-M,4
CA6626M,4
CA6627DR,4
CN210-LFCH-BR,4
CN230-RF-CP-DW,4
CR7883S(BR),4
CV3036-2PC,4
CV3036-S,4
CV3036-S-GY,4
DR911,4
DY200-S,4
EL921,4
EM3800K,4
FM2003-CH,4
FM3001-M,4
FM4001-DR,4
FR6900BR,4
GD2220CH,4
GR121CC,4
GR540-BH,4
GR910-BR-AC,4
HM5706M,4
HM5707DR,4
HZ931-SV,4
IR201-S-BK,4
JH-1175-02-L-CM,4
JH-2128-03-S-CH,4
JH-2128-03-S-PU,4
JS2509K,4
JS401-DR,4
JS401-K,4
JS401-M,4
KC100-C,4
KE165-TM,4
KM8002-Q-GY,4
KM8005-Q-BL,4
LB900BC,4
LG402-M,4
LK400-K,4
LK400-Q,4
LS5580-M,4
LU730-M,4
MA220-DR,4
ME9521-GY-LF,4
ME9521-GY-RF,4
MN4021K,4
NC1035-COFFEE,4
NC8000Q,4
NC8836M,4
NM3034T,4
P951-C,4
P963-BC,4
P964-CH,4
PE5000L,4
PH1091L,4
RB3025,4
RB903,4
RE5550D,4
RV9511-BR-AC,4
RY900,4
SE205W-BR,4
SH400-M,4
SL1092S,4
SU584-BRN-S,4
SU838-BRN-S,4
TY215CH,4
VA4534E,4
VE1028-END,4
VN2900Q,4
W6016M,4
W6017DR,4
WH706M,4
1070-CL-BR,5
1087T,5
2018-C-BG,5
2151-C-BRN,5
2951K-BK,5
3421C,5
3430T(3431C)-6,5
3550T,5
4240T(N),5
5973N,5
7606-RD-C,5
8124T(W),5
8362BH,5
8388BH,5
8706-ET,5
9085-RD,5
AL210-SV,5
AM3500-CH-L,5
AR200-5PC,5
AV6120-M,5
BR560-CH,5
CA2035-ST,5
CN210-C-BR,5
CN210-RFCH-BR,5
CN210-W-BR,5
CN230-CNSL-DW,5
CS3036-S-GY ,5
CV3036-S ,5
FM1001-K,5
FM4001-M,5
GD2220A,5
HV2604TV,5
JS401-CH,5
JS5104TV,5
KE170-B,5
KL919,5
KM8005-K-BL,5
LE566CC,5
LE566CT,5
LN466M,5
LP900-T,5
MA220-M,5
ME535-DR,5
ME9520-BK-3-PWR,5
ME9520-BK-4-PWR,5
ME9520-BK-AC-PW,5
ME9520-BK-LF-PW,5
ME9520-BK-RF-PW,5
ME9521-GY-3-PWR,5
ME9521-GY-4-PWR,5
ME9521-GY-AC-PW,5
ME9521-GY-LF-PW,5
ME9521-GY-RF-PW,5
MN4090Q,5
NA1033C,5
NC9003N,5
PH1091-COFFEE,5
PR800SF,5
RN5500C,5
RP258MC,5
SF9403N,5
SH401-DR,5
VE4323E,5
10041,6
1019-BR-S,6
2951K-WH,6
4969E/MARBLE,6
8740K-WH,6
9606M,6
974-CH-CH-3A,6
AM3500-CH-C,6
AM3500-CH-CNSL,6
AM3500-CH-RF-S,6
AV401-N,6
BE7006M-D,6
BR1238-M,6
BR200-BH,6
CS3036-S-GY,6
CV3035-2PC,6
CV3035-S,6
CV3035-S ,6
CV3035-S-BU,6
EL4329E,6
EV605-A,6
FM2003-K,6
FM3003-N,6
FR210-S,6
G230S,6
GR930-BDY-LAF,6
GR930-BDY-RAF,6
GR930-BDY-W,6
IR202-S-SV,6
JN979,6
LG401-M,6
ML201-S,6
ML3586M,6
MN4845CH,6
MR907,6
NC1035-END,6
P991-SC,6
RE5550C,6
RE7806M,6
RS5276M,6
SH400-CH,6
VE1118-END,6
VL904,6
W6014TV,6
WE3203N,6
1106-C-BK,7
2025-BL-AC,7
3652CE,7
5011S,7
52224-DC-DR,7
52224Q,7
7027DR,7
8428GR,7
AL4190A,7
AN339-T,7
AV6120-CH,7
AV9648B/H,7
BE735-M,7
CA6309SF,7
CL4500-COFFEE,7
CL4500-END,7
CN200-SP-BR,7
CN220-CP-DW,7
CN230-W-DW,7
CV3035-L,7
CV3035-L ,7
CV3035-L-BU,7
CV3036-L,7
CV3036-L-GY,7
EL703T,7
EM1550-T,7
EV605-S,7
JS5101-K,7
KA400-M,7
KE165-M,7
KM8004-K-CP,7
KM8005-Q-SV,7
LL365-M,7
LP202K,7
MA355-CH,7
MA370-M,7
ME9520-BK-CNSL,7
ME9521-GY-CNSL,7
MR964,7
PE500M,7
PR9246M,7
RB400-N,7
RE8198-BH,7
RN5500-END,7
SH401-M,7
SP6140-M,7
TI5926M,7
TN3500C-CHERRY,7
UN4000-COFFEE,7
VN2907DR,7
WV8000-COFFEE,7
2965T-BK,8
4827,8
5977DR,8
6709-N,8
CA7737DR,8
CR7883S-BLK,8
CS6000-END,8
CV3036-L ,8
DL116M,8
EM1550-M,8
FA3506-M,8
FA3507-DR,8
FM2003-DR,8
FM2003-M,8
FM3003-M,8
JE1580S,8
KM8003-Q-GY,8
LP201Q,8
MA197DR,8
MC6000-COFFEE,8
MD1000M-DR,8
MR5750-COFFEE,8
NA400-M,8
OX1726M,8
PY922,8
RA260C-BR,8
RM3000-DR,8
RM3000-K,8
SH176-M,8
TI5927DR,8
WR9106M,8
7503N,9
BR400-CH,9
BR560-M,9
CN220-LP-DW,9
CR1000N,9
CV400-N,9
DA5906M,9
FM1001-M,9
FM3003-DR,9
GR3500CR,9
KA400-DR,9
KM8004-K-BR,9
KM8005-K-GY,9
MD1000DR,9
ME535-M,9
MN4030M,9
RM1000M,9
RM3000-M,9
SH325-M,9
TA6000-COFFEE,9
TY217DR,9
1075S-BLK,10
2982Q-BK,10
4166F-SET,10
4811E/DA604E,10
5976M,10
AN526M,10
BE3000-END,10
BE7003N,10
CA7906-M,10
CS6000-COFFEE,10
DE5304,10
EM3116M,10
EM6386TB,10
EV5305,10
GR545-M,10
GR600M,10
GR930-BDY-AC,10
IR304-CC-BK,10
JS2508Q,10
KA400-N,10
KE400-M,10
KM8005-K-BR,10
LK400-N,10
MA923,10
MA985,10
ME3196M,10
PH1091C,10
RC8004TV,10
SR6750-COFFEE,10
SR8206M,10
UN4000-END,10
VN2906M,10
2026-TA-AC,11
2151-2PC-RD,11
2151-3PC-RD,11
2151-4PC-RD,11
2151-C-RD,11
4811E-MARBLE,11
AB918,11
AU920,11
BA7000-COFFEE,11
BR1235Q-BK,11
BR902,11
CN220-SP-DW,11
CR976,11
CT1406M,11
ED530-M,11
JA991,11
JU2666M,11
LP400-M,11
LP6700-Q,11
MA8000T,11
NC6312T,11
P922-C,11
SP200-T,11
W6013N,11
WA2611C,11
ZA983,11
AD400-M,12
AV9648T,12
BA1856M,12
CN200-CP-BR,12
CN230-C-DW,12
CP100-ES,12
FM2003-N,12
HA100TB,12
HA375-M,12
JE990,12
JM400-M,12
KA4903N,12
KM8004-Q-SV,12
KN2500-COFFEE,12
KN2500-END,12
KT915,12
LP103N,12
LP106M,12
NA999,12
OL6230-M,12
OL6430T(6431)-4,12
OL6430TB,12
P996-C,12
PR5252S,12
SA5306,12
TN3500E-CHERRY,12
TY216M,12
VE5705CH,12
WE3206M,12
2024-GY-AC,13
3553SF-PO#7852,13
7654-TV,13
8399T,13
8723-ST,13
AL994,13
AR729-B,13
BE7005CH,13
CL127-E,13
FE200W-BK,13
FR745-M,13
HT2504TV,13
HT2506M,13
JA1006M,13
KM8004-K-SV,13
KM8005-K-CP,13
VR905,13
1200-CL-OTT,14
4231C,14
8426M,14
BN914,14
CH200-7PC,14
CH200-T,14
CL127-C,14
CM952,14
CN200-LP-BR,14
EM984,14
EN9000-PK,14
ES9900ET,14
KA6216M,14
KA987,14
LE997,14
MC6000-END,14
NA905-M,14
P971-L,14
RE1206-M,14
RS989,14
ST980,14
VE200-S,14
8284SF,15
8618C-CHERRY,15
908-OAK-ST,15
BA7000-END,15
EM1500-M,15
HA986,15
HE982,15
JU978,15
KM8002-Q-BR,15
KM8006-K-SV,15
MA196M,15
MA355-M,15
MA988,15
NE3000C,15
RE8191A,15
SA9000-C,15
WV8000-END,15
ZU1067-END,15
1018-SEC,16
3317A,16
66P,16
AM400-M,16
AN5302,16
DA981,16
FL5303,16
IR303-CC-PK,16
JU995,16
KM8006-K-GY,16
MA5301,16
MN4010Q,16
MN901,16
NL400-M,16
OR996,16
P965-E,16
TS100CT,16
1807DR,17
8618E-CHERRY,17
AD992,17
AN971,17
CH420-M,17
FN977,17
RD6391E,17
SL974,17
ST3300-END,17
8190T,18
BA7000M,18
HA972,18
JS2517DR,18
LP102K,18
LP209-N,18
PH286M,18
WE622S-MO,18
52224-DC-NS,19
KE160-B,19
KE973,19
KM8004-Q-BR,19
KM8005-Q-GY,19
KM8006-K-BL,19
MD3336M,19
RS993,19
VE5706M,19
WL934,19
7026M,20
8178BH,20
AV100-E,20
CA416M,20
MT200-S,20
P982-C,20
SN6489C,20
6700BK,21
AD110LS,21
CA8877ET,21
HY5310,21
LU191-ET,21
LU735-M,21
MAT8-F,21
OX1727DR,21
SR6750-END,21
TA436M,21
7149L,22
9060-BK-ST,22
9060-WH-ST,22
DE725-M,22
EM3800-M,22
JS2516M,22
KM8003-Q-SV,22
KM8005-Q-BR,22
MA700-M,22
MN975,22
PY942,22
3919CE,23
6700BG,23
CA413N,23
P981-L,23
1806M,24
BE100M,24
CV3037-2PC,24
CV3037-S,24
CV3037-S ,24
CV3037-S-PK,24
ML200-S,24
NL400-N,24
GR550-M,26
MC200-S,26
RB3026,26
RM205-5PC,26
RM205-T,26
52224-DC-MR,27
DA591-ET,27
DE720-M,27
MA370-N,27
VE1028C,27
CV3037-L,28
CV3037-L ,28
CV3037-L-PK,28
JE3022-2PC,28
JE3022-L,28
KM8005-Q-CP,28
MD4336M,28
P992-C,28
9603N,29
BASE-T,29
JE3021-2PC,29
JE3021-L,29
KM8004-Q-GY,29
SK900-M,29
KM8004-Q-CP,30
NC6313A,30
AL105,31
FR740-M,31
MA6353N,31
8284E,32
AD111CC,32
AL9000-BL,32
BASE-F,32
CA300S,32
TS956,32
6706-M-BK,33
AV7130CT,33
KE405-M,33
TWIN-TWIN-SLAT,33
BR9000-CH,34
BR9000-SM,34
PA200S,34
TL3041-2PC,34
TL3041-S,34
8699-F/Q-BL,35
AU840-M,35
BC951,35
CH420-N,35
JN959,35
KC100-E,35
LM5314-BK,35
KM8003-Q-BR,36
LZ119-WH,36
MAT12-F,36
TR954,37
9081-WLT-ST,38
908-WLT-ST,38
BASE-K,38
BR1235-K-WH,38
CR940-GY,38
SR950,38
TL3041-L,38
ES957,39
P956-C,39
AV100-C,40
EM961,41
MAT8-T,41
908-ESP-ST,42
AL3017-SEC-D,42
MC300-CC,42
BS450-M,43
CL960,43
5984TB-MED,44
8180T,44
8740Q-CR,44
CA2486S(Y),44
HN962,44
KM8003-Q-BL,44
2806M,45
4261S,45
RS963,45
BR9000-CN,46
HA100C,46
PT3690T,46
RM200-S,46
SH177-M,46
AR937-GD,47
CN958,47
JA3000-M,47
VY2200-END,47
BR200-A,48
P976-C,48
DV104-B,49
8711,50
GA9001-GY,50
JS949,50
8708-GY,52
AV9648C,53
GA9002-BL,54
TL3042-2PC,54
TL3042-L,54
AV7130ET,56
CR456M,56
2035-TQ,57
TL3042-S,57
MAT12-T,59
8723-CT,60
OL6431C,60
IR203-S-PK,62
NT944,62
GN936,63
TA9001-GR,65
JE3022-S,66
RB3027,66
RE8192S,66
CP100-WH,68
JE3021-S,68
KY117-BC-TP,68
TA9000-GY,68
MAT12-K,71
PL8037-Q-LG,71
ZY929-SV,71
KY114-BC-GY,72
61,73
ZY929-BK,74
8721CT/ET,76
8721-ET,76
KY117-D-TP,77
KY118-BC-ES,77
8712,79
FR109-WH,79
GR105,79
8710,82
MY5319,82
AM115,83
TWIN-FULL-SLAT,85
LY105,86
MAT8-K,86
TL3040-2PC,86
TL3040-S,86
TL3040-L,87
KY114-D-GY,88
OL100,88
WH703N,90
8708-WH,91
5982S-MED,94
8716,97
CR940-BG,97
LY100,97
8708,98
AL9000-GY,98
VL935,98
7367C,100
EN9000-BL,100
KY118-D-ES,101
FN110,103
KN141-CL,105
8703,107
CH105,108
8734,110
KN141-E,111
8709,113
8721-CT,114
FT100,114
PL8032-F-LG,114
OL105,115
FR145-WH,118
CH100,119
FT110,119
AM100,120
FN100,120
FN105,121
BR200-S,122
8733,123
LN100,123
1199M,128
8720CT/ET,130
8720-ET,130
8701,132
MAT12-Q,132
EL933,134
GW138-E,136
TA146-BK,136
BASE-Q,137
8738,140
SY5307,142
8720-CT,144
CH2356C,144
GW138-CL,155
AR5309,159
KN932,159
5011S(3A),161
KN140-E,166
KN140-CL,167
GW139-E,169
MAT8-Q,173
GW139-CL,175
CH200-S,180
PL8035-Q-BG,200
LU1000,205
RL930,210
8732,211
AE137-D,217
PL8030-F-BG,226
AE136-D,232
8731,258
EL107-D,279
,
,
,
,
,
,
,
,
,
,
,
,
,
,
,
,
,
,
,
,
,
,
,
,
,
,
,
,
,
,
,
,
,
,
,
,
,
,
,
,
,
,
,
,
,
,
,
,
,
,
,
,
,
,
,
,
,
,
,
,
,
,
,
,
,
,
,
,
,
,
,
,
,
,
,
,
,
,
,
,
,
,
,
,
,
,
,
,
,
,
,
,
,
,
,
,
,
,
,
,
,
,
,
,
,
,
,
,
,
,
,
,
,
,
,
,
,
,
,
,
,
,
,
,
,
,
,
,
,
,
,
,
,
,
,
,
,
,
,
,
,
,
,
,
,
,
,
,
,
,
,
,
,
,
,
,
,
,
,
,
,
,
,
,
,
,
,
,
,
,
,
,
,
,
,
,
,
,
,
,
,
,
,
,
,
,
,
,
,
,
,
,
,
,
,
,
,
,
,
,
,
,
,
,
,
,
,
,
,
,
,
,
,
,
,
,
,
,
,
,
,
,
,
,
,
,
,
,
,
,
,
,
,
,
,
,
,
,
,
,
,
,
,
,
,
,
,
,
,
,
,
,
,
,
,
,
,
,
,
,
,
,
,
,
,
,
,
,
,
,
,
,
,
,
,
,
,
,
,
,
,
,
,
,
,
,
,
,
,
,
,
,
,
,
,
,
,
,
,
,
,
,
,
,
,
,
,
,
,
,
,
,
,
,
,
,
,
,
,
,
,
,
,
,
,
,
,
,
,
,
,
,
,
,
,
,
,
,
,
,
,
,
,
,
,
,
,
,
,
,
,
,
,
,
,
,
,
,
,
,
,
,
,
,
,
,
,
,
,
,
,
,
,
,
,
,
,
,
,
,
,
,
,
,
,
,
,
,
,
,
,
,
,
,
,
,
,
,
,
,
,
,
,
,
,
,
,
,
,
,
,
,
,
,
,
,
,
,
,
,
,
,
,
,
,
,
,
,
,
,
,
,
,
,
,
,
,
,
,
,
,
,
,
,
,
,
,
,
,
,
,
,
,
,
,
,
,
,
,
,
,
,
,
,
,
,
,
,
,
,
,
,
,
,
,
,
,
,
,
,
,
,
,
,
,
,
,
,
,
,
,
,
,
,
,
,
,
,
,
,
,
,
,
,
,
,
,
,
,
,
,
,
,
,
,
,
,
,
,
,
,
,
,
,
,
,
,
,
,
,
,
,
,
,
,
,
,
,
,
,
,
,
,
,
,
,
,
,
,
,
,
,
,
,
,
,
,
,
,
,
,
,
,
,
,
,
,
,
,
,
,
,
,
,
,
,
,
,
,
,
,
,
,
,
,
,
,
,
,
,
,
,
,
,
,
,
,
,
,
,
,
,
,
,
,
,
,
,
,
,
,
,
,
,
,
,
,
,
,
,
,
,
,
,
,
,
,
,
,
,
,
,
,
,
,
,
,
,
,
,
,
,
,
,
,
,
,
,
,
,
,
,
,
,
,
,
,
,
,
,
,
,
,
,
,
,
,
,
,
,
,
,
,
,
,
,
,
,
,
,
,
,
,
,
,
,
,
,
,
,
,
,
,
,
,
,
,
,
,
,
,
,
,
,
,
,
,
,
,
,
,
,
,
,
,
,
,
,
,
,
,
,
,
,
,
,
,
,
,
,
,
,
,
,
,
,
,
,
,
,
,
,
,
,
,
,
,
,
,
,
,
,
,
,
,
,
,
,
,
,
,
,
,
,
,
,
,
,
,
,
,
,
,
,
,
,
,
,
,
,
,
,
,
,
,
,
,
,
,
,
,
,
,
,
,
,
,
,
,
,
,
,
,
,
,
,
,
,
,
,
,
,
,
,
,
,
,
,
,
,
,
,
,
,
,
,
,
,
,
,
,
,
,
,
,
,
,
,
,
,
,
,
,
,
,
,
,
,
,
,
,
,
,
,
,
,
,
,
,
,
,
,
,
,
,
,
,
,
,
,
,
,
,
,
,
,
,
,
,
,
,
,
,
,
,
,
,
,
,
,
,
,
,
,
,
,
,
,
,
,
,
,
,
,
,
,
,
,
,
,
,
,
,
,
,
,
,
,
,
,
,
,
,
,
,
,
,
,
,
,
,
,
,
,
,
,
,
,
,
,
,
,
,
,
,
,
,
,
,
,
,
,
,
,
,
,
,
,
,
,
,
,
,
,
,
,
,
,
,
,
,
,
,
,
,
,
,
,
,
,
,
,
,
,
,
,
,
,
,
,
,
,
,
,
,
,
,
,
,
,
,
,
,
,
,
,
,
,
,
,
,
,
,
,
,
,
,
,
,
,
,
,
,
,
,
,
,
,
,
,
,
,
,
,
,
,
,
,
,
,
,
,
,
,
,
,
,
,
,
,
,
,
,
,
,
,
,
,
,
,
,
,
,
,
,
,
,
,
,
,
,
,
,
,
,
,
,
,
,
,
,
,
,
,
,
,
,
,
,
,
,
,
,
,
,
,
,
,
,
,
,
,
,
,
,
,
,
,
,
,
,
,
,
,
,
,
,
,
,
,
,
,
,
,
,
,
,
,
,
,
,
,
,
,
,
,
,
,
,
,
,
,
,
,
,
,
,
,
,
,
,
,
,
,
,
,
,
,
,
,
,
,
,
,
,
,
,
,
,
,
,
,
,
,
,
,
,
,
,
,
,
,
,
,
,
,
,
,
,
,
,
,
,
,
,
,
,
,
,
,
,
,
,
,
,
,
,
,
,
,
,
,
,
,
,
,
,
,
,
,
,
,
,
,
,
,
,
,
,
,
,
,
,
,
,
,
,
,
,
,
,
,
,
,
,
,
,
,
,
,
,
,
,
,
,
,
,
,
,
,
,
,
,
,
,
,
,
,
,
,
,
,
,
,
,
,
,
,
,
,
,
,
,
,
,
,
,
,
,
,
,
,
,
,
,
,
,
,
,
,
,
,
,
,
,
,
,
,
,
,
,
,
,
,
,
,
,
,
,
,
,
,
,
,
,
,
,
,
,
,
,
,
,
,
,
,
,
,
,
,
,
,
,
,
,
,
,
,
,
,
,
,
,
,
,
,
,
,
,
,
,
,
,
,
,
,
,
,
,
,
,
,
,
,
,
,
,
,
,
,
,
,
,
,
,
,
,
,
,
,
,
,
,
,
,
,
,
,
,
,
,
,
,
,
,
,
,
,
,
,
,
,
,
,
,
,
,
,
,
,
,
,
,
,
,
,
,
,
,
,
